{
  "tests": [
    {
      "name": "Run server listening on randomly assigned port",
      "setup": "SHELL=/bin/bash && npm install",
      "run": "PORT=\"$(shuf -i 2000-65535 -n 1)\"; (timeout --signal=SIGINT 5 node server.js --port=$PORT; exit 0) & sleep 1s && curl -vI http://localhost:${PORT} && sleep 5s",
      "input": "",
      "output": "[Pp]ort(\\s|\\S)([0-9]{4,5})",
      "comparison": "regex",
      "timeout": 10,
      "points": 12500
    },
    {
      "name": "Status code",
      "setup": "",
      "run": "PORT=\"$(shuf -i 2000-65535 -n 1)\"; (timeout --signal=SIGINT 5 node server.js --port=$PORT; exit 0) & sleep 1s && curl -I http://localhost:${PORT} && sleep 5s",
      "input": "",
      "output": "HTTP\\/(1.1|2)\\s*200\\s*(OK)?",
      "comparison": "regex",
      "timeout": 10,
      "points": 12500
    },
    {
      "name": "Content type",
      "setup": "",
      "run": "PORT=\"$(shuf -i 2000-65535 -n 1)\"; (timeout --signal=SIGINT 5 node server.js --port=$PORT; exit 0) & sleep 1s && curl -I http://localhost:${PORT} && sleep 5s",
      "input": "",
      "output": "Content-Type: text\\/html",
      "comparison": "regex",
      "timeout": 10,
      "points": 12500
    },
    {
      "name": "Table check",
      "setup": "",
      "run": "PORT=\"$(shuf -i 2000-65535 -n 1)\"; (timeout --signal=SIGINT 5 node server.js --port=$PORT; exit 0) & sleep 1s && curl -v http://localhost:${PORT} && sleep 5s",
      "input": "",
      "output": "<td>[Zz]<\\/td>",
      "comparison": "regex",
      "timeout": 10,
      "points": 12500
    },
    {
      "name": "Software version",
      "setup": "",
      "run": "printf \"GH Actions runner software versions\\n\\n\"; printf \"SYSTEM:\\t$(uname -a)\\n\"; printf \"SHELL:\\t[${SHELL}]\\n\"; printf \"GIT:\\t[$(which git)] $(git --version)\\n\"; printf \"CURL:\\t[$(which curl)] $(curl --version | head -n 1)\\n\"; printf \"NODE:\\t[$(which node)] node $(node -v)\\n\"",
      "input": "",
      "output": "",
      "comparison": "included",
      "timeout": 10,
      "points": null
    }
  ]
}